[
  {
    "codigo": "00001",
    "nombre": "sekiro",
    "stock": 100,
    "precio": 30000,
    "color": "red",
    "destado": true
  },
  {
    "codigo": "00002",
    "nombre": "Fifa 21",
    "stock": 100,
    "precio": 25000,
    "color": "blue",
    "destado": false
  },
  {
    "codigo": "00003",
    "nombre": "Gear of war 4",
    "stock": 100,
    "precio": 15000,
    "color": "green",
    "destado": true
  },
  {
    "codigo": "00004",
    "nombre": "Mario Tenis aces",
    "stock": 100,
    "precio": 35000,
    "color": "yellow",
    "destado": false
  },
  {
    "codigo": "00005",
    "nombre": "Bloodborne",
    "stock": 100,
    "precio": 10000,
    "color": "blue",
    "destado": false
  },
  {
    "codigo": "00006",
    "nombre": "Forza Horizon 4",
    "stock": 100,
    "precio": 20000,
    "color": "red",
    "destado": true
  }
]